date,no_battery_cost,heuristic_cost,lp_cost
2010-01-01,3.4620511493049353,2.892841170474627,2.130609594
2010-01-02,4.175481870846979,1.843774310998497,1.1302760354999999
2010-01-03,6.200202458621577,5.457177828949559,3.2883560339999995
2010-01-04,4.9048054607063865,2.4968866418792186,1.6747473978
2010-01-05,6.9327717229174555,6.3443751100992625,4.1944580715
2010-01-06,6.02958127017531,5.1697660814535515,3.2942107949999997
2010-01-07,5.730543583579964,3.7221976882191488,2.5472365665
2010-01-08,5.528744058720694,4.520559014095941,2.71408077465
2010-01-09,8.16088779666476,7.559000954707242,5.465065009499999
2010-01-10,7.934426818663884,7.365216839833576,5.246701887
2010-01-11,5.387332198294366,4.52442262263855,2.7407822804999995
2010-01-15,8.230728207702782,7.661518228872474,5.513169273
2010-01-16,7.707747012092466,7.138537033262159,4.9090136069999994
2010-01-17,5.768362566577203,5.1440250292576355,3.49249578315
2010-01-18,6.601324478690885,6.020190823408226,3.9369385890000004
2010-01-19,8.393810487033786,7.824600508203476,5.700804649499999
2010-01-20,8.476555254646886,7.907345275816577,5.709836868
2010-01-21,7.210490815300904,6.3345957663345445,4.4206361415
2010-01-22,5.52953584758496,4.453071839161211,3.008247045
2010-01-23,9.736680382553116,9.167470403722808,6.8273849034
2010-01-24,7.962319699397508,7.3931097205672,5.266559959499999
2010-01-25,6.043173626023647,3.825344386454408,2.8307882294999995
2010-01-26,6.645903939801698,5.69964847002899,3.9048850260000005
2010-01-27,8.041157189270326,6.656354278717171,4.9933712265
2010-01-28,6.834480741571001,5.059160653672538,3.716391312
2010-01-29,6.98938580677375,6.420175827943442,4.8315028305
2010-01-30,8.403793458821827,7.695132356510875,5.394948150299999
2010-01-31,4.622036048160807,3.043497483012501,2.015737122
2010-02-01,5.147259212132633,2.9601621557162643,2.0905058985
2010-02-02,7.31281067229881,6.743600693468502,4.6546296
2010-02-03,9.269531479847,8.700321501016692,6.570866431500001
2010-02-04,6.2905505311731105,4.585958772233383,3.3091154565
2010-02-05,6.037854624122592,4.392179668684781,3.0762912719999997
2010-02-06,8.984262789300368,8.407671874934186,6.2777796105
2010-02-07,5.6895417211563535,5.114343488729555,3.1646503619999997
2010-02-08,9.135897031706687,8.566687052876377,6.226601566499999
2010-02-09,8.04930373163091,7.480093752800602,5.485511571
2010-02-10,5.408272220181052,3.385051791114974,2.330980764
2010-02-11,4.409078712097328,3.234495499269074,1.9283616260999996
2010-02-12,5.219457610180488,4.087644255877252,2.72907655995
2010-02-13,7.041761583770834,6.472551604940525,4.5956241900000006
2010-02-14,4.382520148657257,3.770058366698772,2.4112669125
2010-02-15,6.824249966285366,5.7998580856651305,4.191372901499999
2010-02-16,4.183955685314773,2.289558114719819,1.2307644857999998
2010-02-17,7.237319541439622,6.668109562609314,4.4070783449999995
2010-02-18,5.108675370446056,3.9522253910523566,2.5795562504999996
2010-02-19,5.813695688230176,4.295192163332668,2.7907067925
2010-02-20,6.278884095166008,4.807811377457136,3.2082269445
2010-02-21,8.602150376006641,7.962295418346025,5.692854926999999
2010-02-22,4.2634023756040165,2.489386935362463,1.685194314
2010-02-23,4.598384526714815,2.7031330004800416,1.7619749969999998
2010-02-24,5.1617405622574175,3.719638162292321,2.27917757535
2010-02-25,5.802382092915042,5.233172114084733,3.6594137789999994
2010-02-26,5.301171066015557,3.1418577460661545,2.3159372205
2010-02-27,4.123059809019621,3.1904713556533313,1.8076289595
2010-02-28,1.1571969333418348,0.7139977619408144,0.12603375735000003
2010-03-01,2.1471150823748806,0.7274084950271797,0.30581840429999996
2010-03-02,0.5781067812425411,0.08886534428600806,-0.59329986684
2010-03-03,1.6989420344330655,1.1167626025569413,0.04191685140000005
2010-03-04,0.10245435608089595,-0.34342122787640705,-0.8773633647
2010-03-05,1.5640752526114023,0.41778849808916063,0.029409439800000013
2010-03-06,1.079373534808051,0.5825735414007038,-0.22704599339999998
2010-03-07,2.0454080583002647,0.2046095005186528,-0.04262879471999999
2010-03-08,5.107881200871395,3.2536851909341857,2.052019674
2010-03-09,3.6994218194970743,1.5229918745235889,0.8046807893999999
2010-03-10,3.053745800853509,1.9411404878560703,0.9149513286
2010-03-11,4.901600231029136,2.3401553262927477,1.62490678146
2010-03-12,4.204057582594919,3.4674725233364585,2.1369036315
2010-03-13,7.4884011681736045,6.919191189343295,4.7678642325
2010-03-14,3.891191006459873,3.3188586331332957,2.1507636434999995
2010-03-15,4.2275416588722,2.446906524949266,1.5496358595
2010-03-16,2.9723089838704704,1.3605989950650856,0.60365861526
2010-03-17,3.7715271966311956,1.890983442935046,1.190942964
2010-03-18,4.0010938267087965,1.6776824526578253,1.077502311
2010-03-19,4.164608593466136,2.5351070913828746,1.6499038095
2010-03-22,2.9391076586091005,1.3788689247071397,0.6869722268999999
2010-03-23,3.6752667868484568,1.4191718661040327,0.7309794272999999
2010-03-24,4.535285946254847,2.8298231202217354,1.8559188345
2010-03-25,4.563170509939883,2.9883258585178445,2.0320329615
2010-03-26,4.078257036707498,2.7056373531396947,1.7356329855000001
2010-03-27,4.703436415343038,4.132472282657374,2.5934749725
2010-03-28,5.348805082179212,4.728694111235311,3.1085761904999996
2010-03-29,3.2307794489205888,1.654536477906346,1.063103511
2010-03-30,4.6268795782805245,3.553322233867055,2.328694779
2010-03-31,3.3649777955921287,1.54318141858659,0.7619315249999999
2010-04-01,2.9284122280039795,0.784707597443763,0.3520753764
2010-04-02,4.173511156356422,3.524412098463756,2.3278440135
2010-04-03,4.233835520569318,3.6320109457120884,2.223033882
2010-04-04,2.4808095388656337,1.3512189644989165,0.84540297915
2010-04-05,2.0880915506843682,0.6881319391726043,0.14431916370000003
2010-04-06,2.8105268726804717,0.697154626401762,0.1771071336
2010-04-07,3.384396897714225,1.7289914069977539,1.1636874525
2010-04-08,3.8037160949249884,2.007553902957059,1.3329593711999999
2010-04-09,1.0303008906421613,0.5477726404287016,-0.3638512371599999
2010-04-10,0.9781354213262081,0.2983325362818178,-0.4050501663
2010-04-11,3.3964906681216456,0.822390784554951,0.5432053452
2010-04-12,2.578619781876032,1.0313921668844968,0.7123441681500001
2010-04-13,2.433867761052383,1.163887508908834,0.5258976682500001
2010-04-14,2.4296192867094826,0.9026249751701683,0.3815443302
2010-04-15,3.0905697317582392,0.966836659799872,0.6213249880799999
2010-04-16,1.581737271084476,0.778983779058632,-0.0616217676
2010-04-17,1.424371604846945,1.1315370103592066,0.014852513999999914
2010-04-18,1.3296522693799295,-0.2655675024949906,-0.47323783385999996
2010-04-19,1.8306456370965782,0.19495624801130784,-0.1080460956
2010-04-20,2.603342709691809,0.8623582490317416,0.37139356259999995
2010-04-21,1.5868435232198934,0.29144585955066704,-0.11579442683999995
2010-04-22,1.0698197141125314,0.3335588202022637,-0.28913799419999997
2010-04-23,0.44901265779356797,0.1288972665805874,-0.676197574572
2010-04-24,1.9517308308595185,-0.2850905686154446,-0.28544364388500004
2010-04-25,1.4913343051557941,1.0693398172642152,0.5722258337999999
2010-04-26,1.5552022746776961,-0.03796325255485344,-0.18638989169999998
2010-04-27,0.9042526216720462,0.5254563992126606,-0.2871794703
2010-04-28,0.01423023324198619,-0.8437356696868912,-1.1789840778
2010-04-29,1.241994829294915,0.7836221210386459,-0.011542126200000002
2010-04-30,1.9509154706370206,1.2532821845348066,0.95890364355
2010-05-01,1.7909171789092466,0.37254662893923685,0.208074135
2010-05-02,3.7248606948056864,2.339146971385717,1.314650037
2010-05-03,3.236421737663398,1.216569614721824,0.6894538899
2010-05-04,2.677068722762634,1.186661649338023,0.6424330364999999
2010-05-05,2.8066236731428686,0.8528983935651514,0.4257442866
2010-05-06,1.99916704366295,0.6791997644470268,0.21766820609999998
2010-05-07,4.06565112484929,2.450405633850189,1.6819677960000001
2010-05-08,2.822538504300316,1.6049623065822531,0.8335572275999998
2010-05-09,2.109179925210189,0.4014093313166731,0.04674902508000001
2010-05-10,3.4663212075802425,1.8795026471797756,1.2803262749999997
2010-05-11,4.702469318525749,4.115492597388977,2.676080934
2010-05-12,4.290605404219233,3.4632032745160366,2.403287796
2010-05-13,2.20128833581431,0.06129094675225848,0.06129094649999999
2010-05-14,2.3010494291400705,1.0969548845318324,0.44951046659999994
2010-05-15,3.9493203337443976,1.583776992273167,1.2266528471999998
2010-05-16,3.543653483455011,1.1619763032642707,1.0231811802
2010-05-17,2.493304993868207,1.2774694924342394,0.8891588429999999
2010-05-18,1.4354252733110084,0.45042960373585567,-0.03599386769999999
2010-05-19,1.205807784688361,0.0004785452228991127,-0.48840217859999996
2010-05-20,0.12843157260089877,-0.14980034331891018,-0.8287366199999999
2010-05-21,1.1585964160960165,0.28595322139718465,-0.4207867407
2010-05-22,2.644385455414654,1.0130661813040973,0.4660583463
2010-05-23,0.9225784798298411,-0.12885937014835275,-0.505686654
2010-05-24,1.1120218629169274,-0.38612506858760265,-0.6124247259
2010-05-25,1.4747610449434811,0.22364911174603058,-0.25486455480000003
2010-05-26,2.3079627817947146,0.835816334474238,0.13378233899999997
2010-05-27,3.1743706270947434,2.077518097518512,1.2837187124999998
2010-05-28,0.9954614924569734,0.2831463761742295,-0.3529643898
2010-05-29,4.648724516979444,4.008509030618336,2.571451293
2010-05-30,3.851046024499368,3.0477735622482083,1.7686806824999999
2010-05-31,1.976619594533254,0.6018307181394962,0.30330667289999996
2010-06-01,2.6841317979274204,2.035825626256198,1.3996709655
2010-06-02,1.2429512798010154,0.640728945995998,-0.11183840759999998
2010-06-03,0.658673077368022,0.36182400517472524,-0.4516729602
2010-06-04,1.0510465651581304,0.13667530666424177,-0.37845353711999996
2010-06-05,2.531868289315038,0.8054930670027642,0.6307951056
2010-06-06,2.415262915084783,1.2033089663267913,1.0466482886999997
2010-06-07,1.3578838345302042,0.6736460340724734,-0.042529656899999976
2010-06-08,2.448357249028654,1.2020373538638525,0.66171487416
2010-06-09,3.8939163049668926,3.067131199490233,1.83551079
2010-06-10,2.6971471663890503,1.5490057893377802,0.8741006457
2010-06-11,1.3488343893767567,0.5115315892166475,-0.11144072880000001
2010-06-12,4.102133668593094,3.464880155716319,2.2706952554999997
2010-06-13,2.5193276857555866,0.8148298335377167,0.5356180829999999
2010-06-14,1.6937735499998872,0.805864582386123,0.1619986026
2010-06-15,1.138571276434491,0.1632277506596281,-0.34165932749999994
2010-06-16,2.0297248369181977,0.8479773972095477,0.3158332536
2010-06-17,2.1164811179082403,0.8280441204205093,0.5083198398
2010-06-18,2.2118265687966012,1.407439453216146,0.3720422421
2010-06-19,2.9580529120471812,1.6550012617737988,0.9468319439999999
2010-06-20,3.3052470393979725,1.7391092888429989,1.1186571404999999
2010-06-21,3.3433750651542073,2.5559885623926,1.6053122535000002
2010-06-22,1.166558981279089,0.1364752804597248,-0.3684766773
2010-06-23,1.7380831042549367,-0.10096107335178592,-0.36684787500000005
2010-06-24,0.718113605884962,-0.2778272979807193,-0.7545435548999999
2010-06-25,0.27759300596847303,-0.36875064748026765,-0.8639674998
2010-06-26,-0.0580462317791232,-0.29327696461562874,-0.79371914172
2010-06-27,0.6839747992056119,-0.0703782652095227,-0.41182985279999995
2010-06-28,1.8515050943420257,0.6179301980460218,0.3060144912
2010-06-29,1.5340404446250866,0.49552566829720895,-0.15265181279999998
2010-06-30,1.0144328022100282,-0.08201701549658254,-0.38602072889999994
2010-07-01,0.6377828274580435,0.17515105917566964,-0.22990411949999998
2010-07-02,0.714265667861147,-0.05925364178031586,-0.43119931019999996
2010-07-03,1.4818645639913073,0.3032992041678693,0.1276044396
2010-07-04,1.5569450929219,0.9134344410120867,0.39902958149999995
2010-07-05,1.8688243014274697,0.6608219726459656,0.5689664999999999
2010-07-06,0.4988757002956258,-0.10792935890743549,-0.67364775
2010-07-07,-0.1368186648843577,-0.7997657897105448,-1.2118495854
2010-07-08,0.7891029559901945,-0.432859037460602,-0.7306746198
2010-07-09,0.9984583392943271,0.27100372695799846,-0.12524268030000002
2010-07-10,0.6667857596591678,0.23890897027763885,-0.36562765229999994
2010-07-11,0.5014508661410175,-0.6467481820726287,-0.808709622648
2010-07-12,1.9499247477302455,0.5243100731869612,0.28236596895
2010-07-13,1.8341098617567764,0.4755063702976905,0.019545514799999983
2010-07-14,2.5413873946642016,1.662537505546263,1.3355228805
2010-07-15,2.3395155055077193,1.286504013430405,0.8126144886
2010-07-16,0.3912581237926187,-0.205165801283102,-0.5827877855999999
2010-07-17,0.3192273476818284,-0.19072353060892705,-0.69756142836
2010-07-18,-0.1502365135330221,-0.9902279448539232,-1.28621592978
2010-07-19,-0.4907266289136444,-0.8822290066572495,-1.2834417642
2010-07-20,0.15744113305359048,-0.6374947961957895,-0.9744989275799999
2010-07-21,1.3214719303943807,0.15331601096500222,-0.09481986839999999
2010-07-22,1.3618654336437603,0.859472786900719,0.3617144942999999
2010-07-23,1.4483083591589518,0.3537107930939968,-0.0575581374
2010-07-24,0.7514063369568442,-0.16362165204862583,-0.465715179
2010-07-25,2.280404195221438,1.2869703001306236,1.0224978463499999
2010-07-26,1.4703535293008585,0.38048817884706215,-0.08235514049999998
2010-07-27,1.2159424997707062,0.5915673624488806,0.08112435389999997
2010-07-28,0.9091989104597284,0.6625973417159222,-0.11300541389999999
2010-07-29,-0.1476314815044689,-0.3460719635660471,-0.84944498952
2010-07-30,-0.054710366615242506,-0.22045324338204675,-0.7319743416
2010-07-31,-0.24621770620910888,-0.3900541472363692,-0.8993055106799999
2010-08-01,0.07323130406201958,-0.11715134990114136,-0.6262960014
2010-08-02,-0.2017407391311892,-0.33682703149335746,-0.8474392221
2010-08-03,-0.2146619370887587,-0.3430393793462788,-0.8542725909
2010-08-04,0.13234198481250137,-0.0400082201487243,-0.5631864012
2010-08-05,-0.44705754554797306,-0.4992132224627852,-1.02753181776
2010-08-06,-0.1789016059279389,-0.2585921891676624,-0.7798200637799999
2010-08-07,-0.029261908954776678,-0.15340215419519904,-0.66728432322
2010-08-08,0.17238694347163452,0.0,-0.4463725989
2010-08-09,-0.09730700502626266,-0.22793811317083945,-0.7470183336
2010-08-10,-0.1477835728951387,-0.3478430051517602,-0.8451529458
2010-08-11,0.3564204056457051,0.0,-0.3731948334
2010-08-12,-0.15488420313974816,-0.2428987712199358,-0.7684338054
2010-08-13,-0.34070685682823065,-0.45562547800718456,-0.9682472682000001
2010-08-14,-0.4965437779538083,-0.6942081010159213,-1.1670664614
2010-08-15,3.147445323133749,2.361713078417309,1.6469820958499999
2010-08-16,2.931318000535231,2.1242434200428226,1.3092162165
2010-08-23,1.2049338710683282,0.5891276325647009,0.08618928690000002
2010-08-24,0.7409181907433907,0.3394527856009757,-0.3483783642
2010-08-25,2.083934912089499,0.8617207469273865,0.2097477957
2010-08-26,1.155604667995361,0.5684482219649005,-0.037453765200000017
2010-08-27,4.710193505364902,4.072565984336029,2.4560653185
2010-08-28,1.015354572310502,0.014112326231847428,-0.038056189049999994
2010-08-29,3.5830108501241003,2.9315201344130895,1.8226254119999998
2010-08-30,2.527371082259068,1.5139299001511128,1.020342273
2010-08-31,1.6157869102123372,0.49054913081722556,-0.12014886918
2010-09-01,1.8866941537256583,0.3704624451416916,-0.11146695090000001
2010-09-02,2.021108183549832,0.6031368132819673,-0.08445482339999999
2010-09-03,1.948597045154341,0.33948279140140075,-0.1272539475258
2010-09-04,2.722984402045921,0.5951108887262186,0.35767916927999993
2010-09-05,1.479731097600924,-0.009627920519315,-0.30242178830999994
2010-09-06,3.0653104903024433,2.165359517603724,1.319297259
2010-09-07,3.7306606639173743,2.1190531412223823,1.429495086
2010-09-08,3.934604137913566,3.306866474057842,1.9974733635000002
2010-09-09,2.456404892040517,0.883984167512625,0.4082823884400001
2010-09-10,2.9192692937743594,0.5532059313586632,0.50970376752
2010-09-11,2.274261216820782,0.8661596087133846,0.40055460150000005
2010-09-12,2.797535627491236,1.3696912200666986,1.2141646968
2010-09-13,1.8473444548089901,0.5035155003231347,0.044344496699999944
2010-09-14,2.8908713102708834,1.0274726890693917,0.3155191785000001
2010-09-15,2.338351671945283,1.035595587902831,0.55332211368
2010-09-16,2.8613727458430693,0.8751463291741808,0.6314664777000001
2010-09-17,2.6635281826125716,0.6207491631972208,0.25367107980000003
2010-09-18,2.5066088088025626,0.8340146551014072,0.5617049001000001
2010-09-19,1.1238722362822462,-0.4415596911356018,-0.7365847887
2010-09-20,2.6986901952060167,0.8608538459100028,0.36859338
2010-09-21,1.6844148134131731,0.2823548307322321,-0.27914707995
2010-09-22,2.5803925103348297,1.0600689107996044,0.2960085315
2010-09-23,3.16071694198133,1.5946465489090045,0.9359256798
2010-09-24,3.3184903178890433,1.31848348178348,0.7150541943
2010-09-29,4.414227503061393,3.774184144052411,2.4559929362999995
2010-09-30,3.6334381837911858,2.6682735649756704,1.7662939199999999
2010-10-01,3.3580750627824205,2.7221735797160527,1.8435012613500001
2010-10-02,5.984935443209833,5.415725464379525,3.769442391
2010-10-03,4.741436937330363,2.4579597308876924,1.5164559675000002
2010-10-04,5.799721116453716,5.182947239054837,3.34465201335
2010-10-05,6.032671045963242,5.463461067132933,3.6742293839999993
2010-10-06,3.4928556298910993,2.8789249397190355,1.998394098
2010-10-07,4.435273269298554,2.6389397435080064,1.774365735
2010-10-08,3.2552329180194053,1.2235287889773305,0.6586333466999998
2010-10-09,2.983083656064531,1.1137722519181965,0.63630698826
2010-10-10,4.6797125480172905,2.259691065404546,1.7523299730000002
2010-10-11,3.8268420754346644,1.3176419151006558,0.8088979950000001
2010-10-12,3.3649986051031417,1.3643055818953789,0.6562719756
2010-10-13,4.547669950883057,2.390734102102467,1.543031244
2010-10-14,5.576960946059867,3.0155160413234796,2.15681156826
2010-10-15,4.779762178379627,4.046040160970096,2.5725431985
2010-10-16,2.2773205155502625,1.585289945801899,0.6065367837
2010-10-17,3.0023051817184587,1.7469306737769883,1.0379125409999999
2010-10-18,8.213793599347431,6.763589087717484,4.926929088
2010-10-19,6.399022754866335,5.19947196195543,3.6075923694
2010-10-20,4.978142651139663,2.665537296523624,1.7462079044999996
2010-10-21,2.880662310575084,0.6604095690979687,0.4345189734
2010-10-22,3.813050513168854,2.0418803832608114,1.2437824431
2010-10-23,6.971781261886789,6.40257128305648,4.7454768705
2010-10-24,5.713048686417904,5.143838707587596,3.735579873
2010-10-25,2.8363740889026996,1.4385945462407943,0.5655375963
2010-10-26,2.1358378267486295,1.3948703567981027,0.36979380144000007
2010-10-27,3.5259923351749674,2.527350599699739,1.2319209605999997
2010-10-28,2.887856130969632,1.6367297727941537,1.0345993034999998
2010-10-29,2.810911539311573,1.5042130409981,0.9356540325
2010-10-30,6.198495107519504,5.285433321865332,3.6715670100000004
2010-10-31,2.6749836621154,1.5804159562487756,1.2030942545999999
2010-11-01,3.124420611438878,2.526745894667973,1.912039515
2010-11-02,3.504907941606348,2.564262539595665,1.761348489
2010-11-03,4.581976952128123,3.8770598908470273,2.27531686545
2010-11-04,9.653207930890762,8.74157629384553,6.597160382775
2010-11-05,5.324311893969434,4.688483075955482,3.0004113285
2010-11-06,6.430340822380894,5.861130843550586,4.014614507999999
2010-11-07,5.652889317645603,5.083679338815294,3.2815733055000003
2010-11-08,6.558084292607142,5.988874313776835,4.033240275
2010-11-09,7.376664837223239,6.788147921606942,4.770158138999999
2010-11-10,5.767579704030775,5.150029654644659,3.4921731484499996
2010-11-11,5.97850463743988,5.4092946586095705,3.8094706469999995
2010-11-12,6.382930788293095,5.813720809462787,3.8403426449999998
2010-11-13,6.693345018885104,6.124135040054796,4.566175874999999
2010-11-14,6.749427058083974,6.180217079253666,4.4829972735000005
2010-11-15,5.135570915396663,3.514230890828671,2.3712431355000003
2010-11-16,4.9000526133149025,2.89521742413563,1.789192548
2010-11-17,5.430810057724967,4.842334631583844,3.04120566315
2010-11-18,5.989041103178539,5.398038294474949,3.4710079845
2010-11-19,5.059679238099774,4.4904692592694655,2.9593537395
2010-11-20,7.096384577739924,5.6661308616161215,3.8932338565499998
2010-11-21,2.8328278527225867,2.236556816758368,1.4036266904999999
2010-11-22,7.605385157366321,7.036175178536012,4.696089691499999
2010-11-23,5.531608497928756,4.886316537015615,2.9358570764999996
2010-11-24,4.988112567006873,3.9999279435933692,2.4097437289499997
2010-11-25,4.63181202781125,3.0507942920964792,1.9137152887500002
